-- 产品数据导入
insert into product values('c9458bd95b144853a8cf9f3db7fdf03f', '0653985620', '清扬洗发水', '35.5','瓶/支', '北京朝阳', '2019/01/01', '去屑用清扬，更自信', '美乐家日用品（中国）有限公司');
insert into product values('d8478ab4e9654af2b32da719087cdea2', '3567643447', '爱马仕箱包', '299.9','个', '上海浦东', '2018/01/01', '爱在每时每分每秒，爱马仕,生活充满传奇!装的下,世界就是你的!', '美乐家日用品（中国）有限公司');
insert into product values('e1cf8247178e400fbf68270aa695866f', '8061215435', '纳爱斯香皂', '9.9','个', '上海浦东', '2018/01/01', '啦啦啦', '美乐家日用品（中国）有限公司');
insert into product values('65e13ada22ea47729353a487dd299945', '0382900318', '可比克薯片', '6.9','包', '哈尔滨', '2018/07/01', '薯我鲜,薯我辣,薯我脆,薯片可比克,片片都欢乐,我的选择可比克!', '');
insert into product values('364108d902844c9384a539b5f67c7dc8', '2790390676', '老北京鸡爪', '1.9','个', '福建福州', '2019/01/01', '美味无穷,辣爪天下,吃辣敢挑战吗,来只爪!', '浙江青莲食品股份公司');
insert into product values('55ff19e3df5049a78dd24804114209cb', '3390617614', '康师傅红烧牛肉面', '4.5','个', '四川', '2018/01/01', '康师傅牛肉面,好吃看得见！', '浙江青莲食品股份公司');
insert into product values('8298c8452a1248688e5cbfa058289bf8', '6670834570', '合味道（咖喱味）1*12规格', '59.9','箱', '香港', '2018/01/01', '方便您的合味道,合您味道的方便面！', '浙江青莲食品股份公司');
insert into product values('75115f84d9da423f92d990f1d4a4379b', '0950903648', '鸡蛋雪糕', '3.9','个/只', '山东', '2019/03/01', '总是在不经意的时候,给你带来一份最细致体贴的关怀！', '浙江青莲食品股份公司');
insert into product values('46e0ab7574fe42ecbc7838cff0e356ab', '5721574158', '唐僧肉（辣条）', '4.9','包', '北京', '2018/01/01', '吃上一口唐僧肉,战胜上下五千年妖魔鬼怪！', '浙江青莲食品股份公司');
insert into product values('0527a136d3754fa4aeba3ef8bac38dff', '3525253773', '优悦矿泉水', '3.9','瓶', '山东', '2018/01/01', '地下深水,喝的就是滋味', '华润怡宝饮料（中国）有限公司');
insert into product values('97efab7b824c4bde921a22aa27e495f2', '9781592342', '康师傅冰红茶', '3.9','瓶', '长春', '2018/01/01', '冰力十足,无可替代! 传递品牌畅快,冰酷,乐趣的个性！', '华润怡宝饮料（中国）有限公司');
insert into product values('42f074b594b1464ba2c4f717328965ce', '9319884700', '晨光签字笔', '3.9','只', '上海', '2013/01/20', 'Forever Thinking,Forever Writting', '美乐家日用品（中国）有限公司');
insert into product values('0f5e6469bb654097b5c1f871ab084809', '5937237218', '快客钢笔', '69.9','只', '北京', '2018/01/30', '钢笔小世界,书写大乾坤', '美乐家日用品（中国）有限公司');
insert into product values('fab01f7aa2274eb9994d69887608234d', '7967407523', '作业本', '3.9','本', '山东', '2018/06/01', '这是你曾经使用过的最舒适的笔记本', '美乐家日用品（中国）有限公司');
insert into product values('1208de2d0c4d42d7b10c01c4f4da761f', '4725904945', '娃哈哈儿童裝', '399.9','套', '北京', '2019/01/01', '快乐童年我最棒！', '浙江盛邦服饰有限公司');
insert into product values('2e22e515d0b346789082e6a1c9ebeec3', '4231099780', 'snapback棒球帽', '39.9','个', '广东深圳', '2018/01/01', '爱尚伊帽,时尚snapback棒球帽为您打造', '浙江盛邦服饰有限公司');
insert into product values('e6ab4a0d2b1447abbae44e24e06d9b6b', '5343381114', '盐焗鸡爪', '23.5','包', '广东梅州', '2018/02/01', '盐焗鸡,好味道,少校老青都爱吃,吃后都说顶呱呱,顶呱呱,还能开胃呢!', '广东振成食品有限公司');
insert into product values('0bddf95f1d7d40849f251d7b8f169756', '8712472047', '香辣鸡爪', '24.5','包', '广东梅州', '2018/09/01', '美食不可抵挡', '广东振成食品有限公司');
insert into product values('154767bd90f745d5816399bd2d941b14', '2693386899', '盐焗鸡翅', '26.5','包', '广东梅州', '2019/01/20', '盐焗鸡,好味道,少校老青都爱吃,吃后都说顶呱呱,顶呱呱,还能开胃呢!', '广东振成食品有限公司');
insert into product values('376a14f67a924841acacf43f499d22ba', '0275773767', 'ACER笔记本电脑', '4999.9','台', '香港', '2019/01/01', '我信我选acer', '美乐家日用品（中国）有限公司');

-- 订单主表、从表信息插入1
insert into order_master values('e342da016aec444f9eb4b3a92dfa21a5', '7643426589', '汝弘', '19740831', '预订');
insert into order_detail values('e342da016aec444f9eb4b3a92dfa21a5', '42f074b594b1464ba2c4f717328965ce', '1', '3.9', '3.9');
insert into order_detail values('e342da016aec444f9eb4b3a92dfa21a5', 'e6ab4a0d2b1447abbae44e24e06d9b6b', '1', '23.5', '23.5');
-- 订单主表、从表信息插入2
insert into order_master values('e7fcf44910844ee7b4b781aff62c8391', '4910655585', '段奇', '20050218', '预订');
insert into order_detail values('e7fcf44910844ee7b4b781aff62c8391', '65e13ada22ea47729353a487dd299945', '1', '6.9', '6.9');
insert into order_detail values('e7fcf44910844ee7b4b781aff62c8391', '0f5e6469bb654097b5c1f871ab084809', '6', '69.9', '419.4');
insert into order_detail values('e7fcf44910844ee7b4b781aff62c8391', '376a14f67a924841acacf43f499d22ba', '4', '4999.9', '19999.6');
insert into order_detail values('e7fcf44910844ee7b4b781aff62c8391', '1208de2d0c4d42d7b10c01c4f4da761f', '9', '399.9', '3599.1');
-- 订单主表、从表信息插入3
insert into order_master values('991a8c01596d4ff594f0c0232969b3fc', '7752329804', '羿琴欢', '19791101', '退货');
insert into order_detail values('991a8c01596d4ff594f0c0232969b3fc', '1208de2d0c4d42d7b10c01c4f4da761f', '6', '399.9', '2399.4');
insert into order_detail values('991a8c01596d4ff594f0c0232969b3fc', 'e6ab4a0d2b1447abbae44e24e06d9b6b', '7', '23.5', '164.5');
insert into order_detail values('991a8c01596d4ff594f0c0232969b3fc', '364108d902844c9384a539b5f67c7dc8', '9', '1.9', '17.1');
insert into order_detail values('991a8c01596d4ff594f0c0232969b3fc', '42f074b594b1464ba2c4f717328965ce', '5', '3.9', '19.5');
insert into order_detail values('991a8c01596d4ff594f0c0232969b3fc', 'd8478ab4e9654af2b32da719087cdea2', '1', '299.9', '299.9');
insert into order_detail values('991a8c01596d4ff594f0c0232969b3fc', '2e22e515d0b346789082e6a1c9ebeec3', '1', '39.9', '39.9');
insert into order_detail values('991a8c01596d4ff594f0c0232969b3fc', '46e0ab7574fe42ecbc7838cff0e356ab', '10', '4.9', '49.0');
-- 订单主表、从表信息插入4
insert into order_master values('8061d794a5cc4b609871a364f7b2c9c3', '3864961836', '龚秋', '19890727', '退货');
insert into order_detail values('8061d794a5cc4b609871a364f7b2c9c3', 'd8478ab4e9654af2b32da719087cdea2', '10', '299.9', '2999.0');
insert into order_detail values('8061d794a5cc4b609871a364f7b2c9c3', 'e6ab4a0d2b1447abbae44e24e06d9b6b', '1', '23.5', '23.5');
insert into order_detail values('8061d794a5cc4b609871a364f7b2c9c3', '154767bd90f745d5816399bd2d941b14', '8', '26.5', '212.0');
insert into order_detail values('8061d794a5cc4b609871a364f7b2c9c3', '75115f84d9da423f92d990f1d4a4379b', '1', '3.9', '3.9');
insert into order_detail values('8061d794a5cc4b609871a364f7b2c9c3', '0f5e6469bb654097b5c1f871ab084809', '2', '69.9', '139.8');
insert into order_detail values('8061d794a5cc4b609871a364f7b2c9c3', '42f074b594b1464ba2c4f717328965ce', '3', '3.9', '11.7');
-- 订单主表、从表信息插入5
insert into order_master values('13efea833e7646d6ab3546f28e4d58c4', '7265074372', '蒋腾', '20040331', '退货');
insert into order_detail values('13efea833e7646d6ab3546f28e4d58c4', 'e6ab4a0d2b1447abbae44e24e06d9b6b', '7', '23.5', '164.5');
insert into order_detail values('13efea833e7646d6ab3546f28e4d58c4', '0bddf95f1d7d40849f251d7b8f169756', '6', '24.5', '147.0');
-- 订单主表、从表信息插入6
insert into order_master values('5902cc1845ff4e029dbcfbc80abd43bf', '5406853096', '萧君瑞', '19681103', '退货');
insert into order_detail values('5902cc1845ff4e029dbcfbc80abd43bf', '42f074b594b1464ba2c4f717328965ce', '6', '3.9', '23.4');
-- 订单主表、从表信息插入7
insert into order_master values('65f3bce9c1384c5894600a35fb081c19', '1669949449', '牛翔', '19850816', '退货');
insert into order_detail values('65f3bce9c1384c5894600a35fb081c19', '97efab7b824c4bde921a22aa27e495f2', '6', '3.9', '23.4');
insert into order_detail values('65f3bce9c1384c5894600a35fb081c19', '376a14f67a924841acacf43f499d22ba', '1', '4999.9', '4999.9');
insert into order_detail values('65f3bce9c1384c5894600a35fb081c19', '2e22e515d0b346789082e6a1c9ebeec3', '5', '39.9', '199.5');
insert into order_detail values('65f3bce9c1384c5894600a35fb081c19', 'e1cf8247178e400fbf68270aa695866f', '5', '9.9', '49.5');
insert into order_detail values('65f3bce9c1384c5894600a35fb081c19', 'd8478ab4e9654af2b32da719087cdea2', '2', '299.9', '599.8');
insert into order_detail values('65f3bce9c1384c5894600a35fb081c19', '154767bd90f745d5816399bd2d941b14', '10', '26.5', '265.0');
insert into order_detail values('65f3bce9c1384c5894600a35fb081c19', '1208de2d0c4d42d7b10c01c4f4da761f', '4', '399.9', '1599.6');
-- 订单主表、从表信息插入8
insert into order_master values('8eadd9af46b840f78233de9a8b52487d', '7930143198', '禹洁', '19720329', '退货');
insert into order_detail values('8eadd9af46b840f78233de9a8b52487d', '65e13ada22ea47729353a487dd299945', '10', '6.9', '69.0');
insert into order_detail values('8eadd9af46b840f78233de9a8b52487d', '1208de2d0c4d42d7b10c01c4f4da761f', '6', '399.9', '2399.4');
insert into order_detail values('8eadd9af46b840f78233de9a8b52487d', '75115f84d9da423f92d990f1d4a4379b', '2', '3.9', '7.8');
insert into order_detail values('8eadd9af46b840f78233de9a8b52487d', '8298c8452a1248688e5cbfa058289bf8', '1', '59.9', '59.9');
insert into order_detail values('8eadd9af46b840f78233de9a8b52487d', 'e1cf8247178e400fbf68270aa695866f', '1', '9.9', '9.9');
-- 订单主表、从表信息插入9
insert into order_master values('621c01284e0c4128be0bf5a2c8c92541', '3372113235', '关良绍', '19610921', '预订');
insert into order_detail values('621c01284e0c4128be0bf5a2c8c92541', 'fab01f7aa2274eb9994d69887608234d', '3', '3.9', '11.7');
insert into order_detail values('621c01284e0c4128be0bf5a2c8c92541', 'e6ab4a0d2b1447abbae44e24e06d9b6b', '2', '23.5', '47.0');
insert into order_detail values('621c01284e0c4128be0bf5a2c8c92541', '46e0ab7574fe42ecbc7838cff0e356ab', '8', '4.9', '39.2');
insert into order_detail values('621c01284e0c4128be0bf5a2c8c92541', 'c9458bd95b144853a8cf9f3db7fdf03f', '1', '35.5', '35.5');
insert into order_detail values('621c01284e0c4128be0bf5a2c8c92541', '2e22e515d0b346789082e6a1c9ebeec3', '3', '39.9', '119.7');
insert into order_detail values('621c01284e0c4128be0bf5a2c8c92541', '65e13ada22ea47729353a487dd299945', '4', '6.9', '27.6');
insert into order_detail values('621c01284e0c4128be0bf5a2c8c92541', '0527a136d3754fa4aeba3ef8bac38dff', '10', '3.9', '39.0');
-- 订单主表、从表信息插入10
insert into order_master values('400069ba80954d3c926eced818a27f7c', '9858510918', '熊辰', '19920920', '完成');
insert into order_detail values('400069ba80954d3c926eced818a27f7c', 'c9458bd95b144853a8cf9f3db7fdf03f', '4', '35.5', '142.0');
insert into order_detail values('400069ba80954d3c926eced818a27f7c', '154767bd90f745d5816399bd2d941b14', '8', '26.5', '212.0');
insert into order_detail values('400069ba80954d3c926eced818a27f7c', '0527a136d3754fa4aeba3ef8bac38dff', '7', '3.9', '27.3');

